sample_id,depth,feature_count
sampleID_1,1,1
sampleID_1,1,1
sampleID_1,1,1
sampleID_1,1,1
sampleID_1,1,1
sampleID_1,1,1
sampleID_1,1,1
sampleID_1,1,1
sampleID_1,1,1
sampleID_1,21,10
sampleID_1,21,12
sampleID_1,21,11
sampleID_1,21,10
sampleID_1,21,8
sampleID_1,21,9
sampleID_1,21,12
sampleID_1,21,12
sampleID_1,21,9
sampleID_1,41,15
sampleID_1,41,15
sampleID_1,41,15
sampleID_1,41,17
sampleID_1,41,18
sampleID_1,41,14
sampleID_1,41,14
sampleID_1,41,16
sampleID_1,41,16
sampleID_1,62,18
sampleID_1,62,16
sampleID_1,62,13
sampleID_1,62,21
sampleID_1,62,16
sampleID_1,62,19
sampleID_1,62,16
sampleID_1,62,16
sampleID_1,62,15
sampleID_1,82,19
sampleID_1,82,19
sampleID_1,82,19
sampleID_1,82,19
sampleID_1,82,19
sampleID_1,82,21
sampleID_1,82,19
sampleID_1,82,20
sampleID_1,82,20
sampleID_1,102,18
sampleID_1,102,22
sampleID_1,102,19
sampleID_1,102,18
sampleID_1,102,20
sampleID_1,102,20
sampleID_1,102,19
sampleID_1,102,18
sampleID_1,102,21
sampleID_1,123,18
sampleID_1,123,20
sampleID_1,123,22
sampleID_1,123,18
sampleID_1,123,22
sampleID_1,123,18
sampleID_1,123,19
sampleID_1,123,21
sampleID_1,123,20
sampleID_1,143,21
sampleID_1,143,21
sampleID_1,143,21
sampleID_1,143,21
sampleID_1,143,20
sampleID_1,143,21
sampleID_1,143,22
sampleID_1,143,22
sampleID_1,143,21
sampleID_1,164,21
sampleID_1,164,21
sampleID_1,164,19
sampleID_1,164,22
sampleID_1,164,22
sampleID_1,164,22
sampleID_1,164,18
sampleID_1,164,23
sampleID_1,164,22
sampleID_1,184,22
sampleID_1,184,23
sampleID_1,184,23
sampleID_1,184,21
sampleID_1,184,22
sampleID_1,184,19
sampleID_1,184,20
sampleID_1,184,22
sampleID_1,184,23
sampleID_1,204,23
sampleID_1,204,22
sampleID_1,204,21
sampleID_1,204,23
sampleID_1,204,23
sampleID_1,204,22
sampleID_1,204,22
sampleID_1,204,19
sampleID_1,204,23
sampleID_1,225,22
sampleID_1,225,21
sampleID_1,225,22
sampleID_1,225,23
sampleID_1,225,23
sampleID_1,225,21
sampleID_1,225,22
sampleID_1,225,21
sampleID_1,225,22
sampleID_1,245,23
sampleID_1,245,22
sampleID_1,245,23
sampleID_1,245,22
sampleID_1,245,23
sampleID_1,245,23
sampleID_1,245,22
sampleID_1,245,23
sampleID_1,245,21
sampleID_1,266,22
sampleID_1,266,23
sampleID_1,266,23
sampleID_1,266,23
sampleID_1,266,23
sampleID_1,266,22
sampleID_1,266,23
sampleID_1,266,23
sampleID_1,266,22
sampleID_1,286,23
sampleID_1,286,23
sampleID_1,286,23
sampleID_1,286,23
sampleID_1,286,23
sampleID_1,286,23
sampleID_1,286,22
sampleID_1,286,23
sampleID_1,286,22
sampleID_1,306,22
sampleID_1,306,23
sampleID_1,306,22
sampleID_1,306,23
sampleID_1,306,23
sampleID_1,306,23
sampleID_1,306,22
sampleID_1,306,23
sampleID_1,306,23
sampleID_1,327,23
sampleID_1,327,22
sampleID_1,327,22
sampleID_1,327,23
sampleID_1,327,22
sampleID_1,327,23
sampleID_1,327,22
sampleID_1,327,21
sampleID_1,327,23
sampleID_1,347,23
sampleID_1,347,23
sampleID_1,347,23
sampleID_1,347,23
sampleID_1,347,23
sampleID_1,347,23
sampleID_1,347,23
sampleID_1,347,22
sampleID_1,347,23
sampleID_1,367,23
sampleID_1,367,23
sampleID_1,367,22
sampleID_1,367,23
sampleID_1,367,23
sampleID_1,367,23
sampleID_1,367,23
sampleID_1,367,21
sampleID_1,367,23
sampleID_1,388,23
sampleID_1,388,23
sampleID_1,388,23
sampleID_1,388,23
sampleID_1,388,22
sampleID_1,388,23
sampleID_1,388,23
sampleID_1,388,23
sampleID_1,388,23
sampleID_1,408,23
sampleID_1,408,23
sampleID_1,408,23
sampleID_1,408,23
sampleID_1,408,23
sampleID_1,408,23
sampleID_1,408,23
sampleID_1,408,23
sampleID_1,408,23
sampleID_1,429,22
sampleID_1,429,23
sampleID_1,429,23
sampleID_1,429,23
sampleID_1,429,23
sampleID_1,429,23
sampleID_1,429,23
sampleID_1,429,23
sampleID_1,429,23
sampleID_1,449,23
sampleID_1,449,23
sampleID_1,449,23
sampleID_1,449,22
sampleID_1,449,23
sampleID_1,449,23
sampleID_1,449,23
sampleID_1,449,23
sampleID_1,449,23
sampleID_1,469,23
sampleID_1,469,23
sampleID_1,469,23
sampleID_1,469,23
sampleID_1,469,23
sampleID_1,469,23
sampleID_1,469,23
sampleID_1,469,23
sampleID_1,469,23
sampleID_1,490,23
sampleID_1,490,23
sampleID_1,490,23
sampleID_1,490,23
sampleID_1,490,23
sampleID_1,490,23
sampleID_1,490,23
sampleID_1,490,23
sampleID_1,490,23
sampleID_1,510,23
sampleID_1,510,23
sampleID_1,510,23
sampleID_1,510,23
sampleID_1,510,23
sampleID_1,510,23
sampleID_1,510,23
sampleID_1,510,23
sampleID_1,510,23
sampleID_1,531,22
sampleID_1,531,23
sampleID_1,531,23
sampleID_1,531,23
sampleID_1,531,23
sampleID_1,531,23
sampleID_1,531,23
sampleID_1,531,23
sampleID_1,531,23
sampleID_1,551,23
sampleID_1,551,23
sampleID_1,551,23
sampleID_1,551,23
sampleID_1,551,23
sampleID_1,551,23
sampleID_1,551,23
sampleID_1,551,23
sampleID_1,551,23
sampleID_1,571,23
sampleID_1,571,23
sampleID_1,571,23
sampleID_1,571,23
sampleID_1,571,23
sampleID_1,571,23
sampleID_1,571,23
sampleID_1,571,23
sampleID_1,571,23
sampleID_1,592,23
sampleID_1,592,23
sampleID_1,592,23
sampleID_1,592,23
sampleID_1,592,23
sampleID_1,592,23
sampleID_1,592,23
sampleID_1,592,23
sampleID_1,592,23
sampleID_1,612,23
sampleID_1,612,23
sampleID_1,612,23
sampleID_1,612,23
sampleID_1,612,23
sampleID_1,612,23
sampleID_1,612,23
sampleID_1,612,23
sampleID_1,612,23
sampleID_1,633,23
sampleID_1,633,23
sampleID_1,633,23
sampleID_1,633,23
sampleID_1,633,23
sampleID_1,633,23
sampleID_1,633,23
sampleID_1,633,23
sampleID_1,633,23
sampleID_1,653,23
sampleID_1,653,23
sampleID_1,653,23
sampleID_1,653,23
sampleID_1,653,23
sampleID_1,653,23
sampleID_1,653,23
sampleID_1,653,23
sampleID_1,653,23
sampleID_1,673,23
sampleID_1,673,23
sampleID_1,673,23
sampleID_1,673,23
sampleID_1,673,23
sampleID_1,673,23
sampleID_1,673,23
sampleID_1,673,23
sampleID_1,673,23
sampleID_1,694,23
sampleID_1,694,23
sampleID_1,694,23
sampleID_1,694,23
sampleID_1,694,23
sampleID_1,694,23
sampleID_1,694,23
sampleID_1,694,23
sampleID_1,694,23
sampleID_1,714,23
sampleID_1,714,23
sampleID_1,714,23
sampleID_1,714,23
sampleID_1,714,23
sampleID_1,714,23
sampleID_1,714,23
sampleID_1,714,23
sampleID_1,714,23
sampleID_1,734,23
sampleID_1,734,23
sampleID_1,734,23
sampleID_1,734,23
sampleID_1,734,23
sampleID_1,734,23
sampleID_1,734,23
sampleID_1,734,23
sampleID_1,734,23
sampleID_1,755,23
sampleID_1,755,23
sampleID_1,755,23
sampleID_1,755,23
sampleID_1,755,23
sampleID_1,755,23
sampleID_1,755,23
sampleID_1,755,23
sampleID_1,755,23
sampleID_1,775,23
sampleID_1,775,23
sampleID_1,775,23
sampleID_1,775,23
sampleID_1,775,23
sampleID_1,775,23
sampleID_1,775,23
sampleID_1,775,23
sampleID_1,775,23
sampleID_1,796,
sampleID_1,796,
sampleID_1,796,
sampleID_1,796,
sampleID_1,796,
sampleID_1,796,
sampleID_1,796,
sampleID_1,796,
sampleID_1,796,
sampleID_1,816,
sampleID_1,816,
sampleID_1,816,
sampleID_1,816,
sampleID_1,816,
sampleID_1,816,
sampleID_1,816,
sampleID_1,816,
sampleID_1,816,
sampleID_1,836,
sampleID_1,836,
sampleID_1,836,
sampleID_1,836,
sampleID_1,836,
sampleID_1,836,
sampleID_1,836,
sampleID_1,836,
sampleID_1,836,
sampleID_1,857,
sampleID_1,857,
sampleID_1,857,
sampleID_1,857,
sampleID_1,857,
sampleID_1,857,
sampleID_1,857,
sampleID_1,857,
sampleID_1,857,
sampleID_1,877,
sampleID_1,877,
sampleID_1,877,
sampleID_1,877,
sampleID_1,877,
sampleID_1,877,
sampleID_1,877,
sampleID_1,877,
sampleID_1,877,
sampleID_1,898,
sampleID_1,898,
sampleID_1,898,
sampleID_1,898,
sampleID_1,898,
sampleID_1,898,
sampleID_1,898,
sampleID_1,898,
sampleID_1,898,
sampleID_1,918,
sampleID_1,918,
sampleID_1,918,
sampleID_1,918,
sampleID_1,918,
sampleID_1,918,
sampleID_1,918,
sampleID_1,918,
sampleID_1,918,
sampleID_1,938,
sampleID_1,938,
sampleID_1,938,
sampleID_1,938,
sampleID_1,938,
sampleID_1,938,
sampleID_1,938,
sampleID_1,938,
sampleID_1,938,
sampleID_1,959,
sampleID_1,959,
sampleID_1,959,
sampleID_1,959,
sampleID_1,959,
sampleID_1,959,
sampleID_1,959,
sampleID_1,959,
sampleID_1,959,
sampleID_1,979,
sampleID_1,979,
sampleID_1,979,
sampleID_1,979,
sampleID_1,979,
sampleID_1,979,
sampleID_1,979,
sampleID_1,979,
sampleID_1,979,
sampleID_1,1000,
sampleID_1,1000,
sampleID_1,1000,
sampleID_1,1000,
sampleID_1,1000,
sampleID_1,1000,
sampleID_1,1000,
sampleID_1,1000,
sampleID_1,1000,
sampleID_1a,1,1
sampleID_1a,1,1
sampleID_1a,1,1
sampleID_1a,1,1
sampleID_1a,1,1
sampleID_1a,1,1
sampleID_1a,1,1
sampleID_1a,1,1
sampleID_1a,1,1
sampleID_1a,21,12
sampleID_1a,21,15
sampleID_1a,21,17
sampleID_1a,21,14
sampleID_1a,21,15
sampleID_1a,21,15
sampleID_1a,21,9
sampleID_1a,21,13
sampleID_1a,21,14
sampleID_1a,41,20
sampleID_1a,41,23
sampleID_1a,41,21
sampleID_1a,41,22
sampleID_1a,41,19
sampleID_1a,41,24
sampleID_1a,41,18
sampleID_1a,41,22
sampleID_1a,41,16
sampleID_1a,62,31
sampleID_1a,62,23
sampleID_1a,62,26
sampleID_1a,62,30
sampleID_1a,62,31
sampleID_1a,62,28
sampleID_1a,62,24
sampleID_1a,62,26
sampleID_1a,62,29
sampleID_1a,82,27
sampleID_1a,82,30
sampleID_1a,82,31
sampleID_1a,82,29
sampleID_1a,82,30
sampleID_1a,82,31
sampleID_1a,82,27
sampleID_1a,82,30
sampleID_1a,82,25
sampleID_1a,102,30
sampleID_1a,102,34
sampleID_1a,102,28
sampleID_1a,102,33
sampleID_1a,102,31
sampleID_1a,102,33
sampleID_1a,102,36
sampleID_1a,102,34
sampleID_1a,102,29
sampleID_1a,123,34
sampleID_1a,123,36
sampleID_1a,123,35
sampleID_1a,123,33
sampleID_1a,123,33
sampleID_1a,123,34
sampleID_1a,123,35
sampleID_1a,123,36
sampleID_1a,123,34
sampleID_1a,143,36
sampleID_1a,143,35
sampleID_1a,143,36
sampleID_1a,143,34
sampleID_1a,143,34
sampleID_1a,143,36
sampleID_1a,143,32
sampleID_1a,143,35
sampleID_1a,143,35
sampleID_1a,164,37
sampleID_1a,164,37
sampleID_1a,164,38
sampleID_1a,164,37
sampleID_1a,164,37
sampleID_1a,164,39
sampleID_1a,164,37
sampleID_1a,164,37
sampleID_1a,164,35
sampleID_1a,184,38
sampleID_1a,184,39
sampleID_1a,184,35
sampleID_1a,184,38
sampleID_1a,184,34
sampleID_1a,184,36
sampleID_1a,184,39
sampleID_1a,184,40
sampleID_1a,184,40
sampleID_1a,204,37
sampleID_1a,204,39
sampleID_1a,204,41
sampleID_1a,204,39
sampleID_1a,204,39
sampleID_1a,204,39
sampleID_1a,204,39
sampleID_1a,204,38
sampleID_1a,204,38
sampleID_1a,225,40
sampleID_1a,225,40
sampleID_1a,225,40
sampleID_1a,225,36
sampleID_1a,225,41
sampleID_1a,225,40
sampleID_1a,225,38
sampleID_1a,225,36
sampleID_1a,225,40
sampleID_1a,245,41
sampleID_1a,245,38
sampleID_1a,245,40
sampleID_1a,245,41
sampleID_1a,245,39
sampleID_1a,245,40
sampleID_1a,245,40
sampleID_1a,245,39
sampleID_1a,245,37
sampleID_1a,266,39
sampleID_1a,266,40
sampleID_1a,266,40
sampleID_1a,266,40
sampleID_1a,266,41
sampleID_1a,266,39
sampleID_1a,266,41
sampleID_1a,266,42
sampleID_1a,266,41
sampleID_1a,286,42
sampleID_1a,286,38
sampleID_1a,286,41
sampleID_1a,286,39
sampleID_1a,286,39
sampleID_1a,286,40
sampleID_1a,286,41
sampleID_1a,286,41
sampleID_1a,286,37
sampleID_1a,306,40
sampleID_1a,306,39
sampleID_1a,306,41
sampleID_1a,306,40
sampleID_1a,306,42
sampleID_1a,306,40
sampleID_1a,306,41
sampleID_1a,306,41
sampleID_1a,306,42
sampleID_1a,327,42
sampleID_1a,327,41
sampleID_1a,327,41
sampleID_1a,327,42
sampleID_1a,327,40
sampleID_1a,327,41
sampleID_1a,327,40
sampleID_1a,327,40
sampleID_1a,327,39
sampleID_1a,347,42
sampleID_1a,347,42
sampleID_1a,347,41
sampleID_1a,347,42
sampleID_1a,347,40
sampleID_1a,347,40
sampleID_1a,347,41
sampleID_1a,347,42
sampleID_1a,347,41
sampleID_1a,367,42
sampleID_1a,367,42
sampleID_1a,367,41
sampleID_1a,367,41
sampleID_1a,367,39
sampleID_1a,367,42
sampleID_1a,367,40
sampleID_1a,367,42
sampleID_1a,367,42
sampleID_1a,388,42
sampleID_1a,388,42
sampleID_1a,388,42
sampleID_1a,388,40
sampleID_1a,388,41
sampleID_1a,388,41
sampleID_1a,388,42
sampleID_1a,388,41
sampleID_1a,388,41
sampleID_1a,408,42
sampleID_1a,408,41
sampleID_1a,408,40
sampleID_1a,408,42
sampleID_1a,408,42
sampleID_1a,408,42
sampleID_1a,408,42
sampleID_1a,408,41
sampleID_1a,408,42
sampleID_1a,429,41
sampleID_1a,429,42
sampleID_1a,429,42
sampleID_1a,429,42
sampleID_1a,429,41
sampleID_1a,429,40
sampleID_1a,429,41
sampleID_1a,429,42
sampleID_1a,429,42
sampleID_1a,449,42
sampleID_1a,449,41
sampleID_1a,449,42
sampleID_1a,449,42
sampleID_1a,449,42
sampleID_1a,449,42
sampleID_1a,449,42
sampleID_1a,449,42
sampleID_1a,449,41
sampleID_1a,469,42
sampleID_1a,469,41
sampleID_1a,469,42
sampleID_1a,469,41
sampleID_1a,469,42
sampleID_1a,469,42
sampleID_1a,469,42
sampleID_1a,469,42
sampleID_1a,469,42
sampleID_1a,490,42
sampleID_1a,490,41
sampleID_1a,490,42
sampleID_1a,490,41
sampleID_1a,490,41
sampleID_1a,490,42
sampleID_1a,490,42
sampleID_1a,490,42
sampleID_1a,490,42
sampleID_1a,510,42
sampleID_1a,510,41
sampleID_1a,510,42
sampleID_1a,510,42
sampleID_1a,510,42
sampleID_1a,510,42
sampleID_1a,510,42
sampleID_1a,510,42
sampleID_1a,510,41
sampleID_1a,531,42
sampleID_1a,531,42
sampleID_1a,531,42
sampleID_1a,531,42
sampleID_1a,531,41
sampleID_1a,531,42
sampleID_1a,531,42
sampleID_1a,531,42
sampleID_1a,531,42
sampleID_1a,551,42
sampleID_1a,551,42
sampleID_1a,551,42
sampleID_1a,551,42
sampleID_1a,551,42
sampleID_1a,551,42
sampleID_1a,551,41
sampleID_1a,551,42
sampleID_1a,551,41
sampleID_1a,571,42
sampleID_1a,571,41
sampleID_1a,571,42
sampleID_1a,571,42
sampleID_1a,571,42
sampleID_1a,571,42
sampleID_1a,571,42
sampleID_1a,571,42
sampleID_1a,571,42
sampleID_1a,592,42
sampleID_1a,592,42
sampleID_1a,592,42
sampleID_1a,592,42
sampleID_1a,592,42
sampleID_1a,592,42
sampleID_1a,592,42
sampleID_1a,592,42
sampleID_1a,592,41
sampleID_1a,612,42
sampleID_1a,612,42
sampleID_1a,612,42
sampleID_1a,612,42
sampleID_1a,612,42
sampleID_1a,612,41
sampleID_1a,612,42
sampleID_1a,612,42
sampleID_1a,612,42
sampleID_1a,633,42
sampleID_1a,633,42
sampleID_1a,633,42
sampleID_1a,633,42
sampleID_1a,633,42
sampleID_1a,633,42
sampleID_1a,633,42
sampleID_1a,633,42
sampleID_1a,633,42
sampleID_1a,653,42
sampleID_1a,653,42
sampleID_1a,653,42
sampleID_1a,653,42
sampleID_1a,653,42
sampleID_1a,653,42
sampleID_1a,653,42
sampleID_1a,653,42
sampleID_1a,653,42
sampleID_1a,673,42
sampleID_1a,673,42
sampleID_1a,673,42
sampleID_1a,673,42
sampleID_1a,673,42
sampleID_1a,673,42
sampleID_1a,673,42
sampleID_1a,673,42
sampleID_1a,673,42
sampleID_1a,694,42
sampleID_1a,694,42
sampleID_1a,694,42
sampleID_1a,694,42
sampleID_1a,694,42
sampleID_1a,694,42
sampleID_1a,694,42
sampleID_1a,694,42
sampleID_1a,694,42
sampleID_1a,714,42
sampleID_1a,714,42
sampleID_1a,714,42
sampleID_1a,714,42
sampleID_1a,714,42
sampleID_1a,714,42
sampleID_1a,714,42
sampleID_1a,714,42
sampleID_1a,714,42
sampleID_1a,734,42
sampleID_1a,734,42
sampleID_1a,734,42
sampleID_1a,734,42
sampleID_1a,734,42
sampleID_1a,734,42
sampleID_1a,734,42
sampleID_1a,734,42
sampleID_1a,734,42
sampleID_1a,755,42
sampleID_1a,755,42
sampleID_1a,755,42
sampleID_1a,755,42
sampleID_1a,755,42
sampleID_1a,755,42
sampleID_1a,755,42
sampleID_1a,755,42
sampleID_1a,755,42
sampleID_1a,775,42
sampleID_1a,775,42
sampleID_1a,775,42
sampleID_1a,775,42
sampleID_1a,775,42
sampleID_1a,775,42
sampleID_1a,775,42
sampleID_1a,775,42
sampleID_1a,775,42
sampleID_1a,796,
sampleID_1a,796,
sampleID_1a,796,
sampleID_1a,796,
sampleID_1a,796,
sampleID_1a,796,
sampleID_1a,796,
sampleID_1a,796,
sampleID_1a,796,
sampleID_1a,816,
sampleID_1a,816,
sampleID_1a,816,
sampleID_1a,816,
sampleID_1a,816,
sampleID_1a,816,
sampleID_1a,816,
sampleID_1a,816,
sampleID_1a,816,
sampleID_1a,836,
sampleID_1a,836,
sampleID_1a,836,
sampleID_1a,836,
sampleID_1a,836,
sampleID_1a,836,
sampleID_1a,836,
sampleID_1a,836,
sampleID_1a,836,
sampleID_1a,857,
sampleID_1a,857,
sampleID_1a,857,
sampleID_1a,857,
sampleID_1a,857,
sampleID_1a,857,
sampleID_1a,857,
sampleID_1a,857,
sampleID_1a,857,
sampleID_1a,877,
sampleID_1a,877,
sampleID_1a,877,
sampleID_1a,877,
sampleID_1a,877,
sampleID_1a,877,
sampleID_1a,877,
sampleID_1a,877,
sampleID_1a,877,
sampleID_1a,898,
sampleID_1a,898,
sampleID_1a,898,
sampleID_1a,898,
sampleID_1a,898,
sampleID_1a,898,
sampleID_1a,898,
sampleID_1a,898,
sampleID_1a,898,
sampleID_1a,918,
sampleID_1a,918,
sampleID_1a,918,
sampleID_1a,918,
sampleID_1a,918,
sampleID_1a,918,
sampleID_1a,918,
sampleID_1a,918,
sampleID_1a,918,
sampleID_1a,938,
sampleID_1a,938,
sampleID_1a,938,
sampleID_1a,938,
sampleID_1a,938,
sampleID_1a,938,
sampleID_1a,938,
sampleID_1a,938,
sampleID_1a,938,
sampleID_1a,959,
sampleID_1a,959,
sampleID_1a,959,
sampleID_1a,959,
sampleID_1a,959,
sampleID_1a,959,
sampleID_1a,959,
sampleID_1a,959,
sampleID_1a,959,
sampleID_1a,979,
sampleID_1a,979,
sampleID_1a,979,
sampleID_1a,979,
sampleID_1a,979,
sampleID_1a,979,
sampleID_1a,979,
sampleID_1a,979,
sampleID_1a,979,
sampleID_1a,1000,
sampleID_1a,1000,
sampleID_1a,1000,
sampleID_1a,1000,
sampleID_1a,1000,
sampleID_1a,1000,
sampleID_1a,1000,
sampleID_1a,1000,
sampleID_1a,1000,
sampleID_2,1,1
sampleID_2,1,1
sampleID_2,1,1
sampleID_2,1,1
sampleID_2,1,1
sampleID_2,1,1
sampleID_2,1,1
sampleID_2,1,1
sampleID_2,1,1
sampleID_2,21,10
sampleID_2,21,9
sampleID_2,21,12
sampleID_2,21,13
sampleID_2,21,10
sampleID_2,21,10
sampleID_2,21,11
sampleID_2,21,9
sampleID_2,21,12
sampleID_2,41,18
sampleID_2,41,16
sampleID_2,41,14
sampleID_2,41,13
sampleID_2,41,16
sampleID_2,41,13
sampleID_2,41,18
sampleID_2,41,14
sampleID_2,41,17
sampleID_2,62,19
sampleID_2,62,13
sampleID_2,62,20
sampleID_2,62,17
sampleID_2,62,17
sampleID_2,62,18
sampleID_2,62,17
sampleID_2,62,15
sampleID_2,62,18
sampleID_2,82,16
sampleID_2,82,21
sampleID_2,82,20
sampleID_2,82,16
sampleID_2,82,16
sampleID_2,82,22
sampleID_2,82,16
sampleID_2,82,19
sampleID_2,82,19
sampleID_2,102,19
sampleID_2,102,23
sampleID_2,102,19
sampleID_2,102,21
sampleID_2,102,19
sampleID_2,102,23
sampleID_2,102,21
sampleID_2,102,20
sampleID_2,102,19
sampleID_2,123,22
sampleID_2,123,20
sampleID_2,123,19
sampleID_2,123,19
sampleID_2,123,19
sampleID_2,123,23
sampleID_2,123,22
sampleID_2,123,20
sampleID_2,123,22
sampleID_2,143,19
sampleID_2,143,21
sampleID_2,143,22
sampleID_2,143,20
sampleID_2,143,20
sampleID_2,143,20
sampleID_2,143,21
sampleID_2,143,20
sampleID_2,143,20
sampleID_2,164,23
sampleID_2,164,21
sampleID_2,164,20
sampleID_2,164,21
sampleID_2,164,22
sampleID_2,164,19
sampleID_2,164,21
sampleID_2,164,21
sampleID_2,164,22
sampleID_2,184,21
sampleID_2,184,22
sampleID_2,184,23
sampleID_2,184,22
sampleID_2,184,22
sampleID_2,184,23
sampleID_2,184,21
sampleID_2,184,22
sampleID_2,184,22
sampleID_2,204,23
sampleID_2,204,22
sampleID_2,204,23
sampleID_2,204,23
sampleID_2,204,20
sampleID_2,204,22
sampleID_2,204,22
sampleID_2,204,21
sampleID_2,204,21
sampleID_2,225,22
sampleID_2,225,22
sampleID_2,225,23
sampleID_2,225,23
sampleID_2,225,22
sampleID_2,225,23
sampleID_2,225,23
sampleID_2,225,22
sampleID_2,225,21
sampleID_2,245,23
sampleID_2,245,23
sampleID_2,245,23
sampleID_2,245,21
sampleID_2,245,23
sampleID_2,245,23
sampleID_2,245,22
sampleID_2,245,23
sampleID_2,245,21
sampleID_2,266,21
sampleID_2,266,22
sampleID_2,266,23
sampleID_2,266,22
sampleID_2,266,23
sampleID_2,266,23
sampleID_2,266,23
sampleID_2,266,23
sampleID_2,266,22
sampleID_2,286,23
sampleID_2,286,23
sampleID_2,286,21
sampleID_2,286,22
sampleID_2,286,23
sampleID_2,286,22
sampleID_2,286,23
sampleID_2,286,23
sampleID_2,286,22
sampleID_2,306,22
sampleID_2,306,23
sampleID_2,306,22
sampleID_2,306,23
sampleID_2,306,23
sampleID_2,306,23
sampleID_2,306,23
sampleID_2,306,23
sampleID_2,306,23
sampleID_2,327,23
sampleID_2,327,23
sampleID_2,327,23
sampleID_2,327,21
sampleID_2,327,22
sampleID_2,327,23
sampleID_2,327,23
sampleID_2,327,22
sampleID_2,327,22
sampleID_2,347,23
sampleID_2,347,23
sampleID_2,347,23
sampleID_2,347,22
sampleID_2,347,22
sampleID_2,347,23
sampleID_2,347,23
sampleID_2,347,23
sampleID_2,347,22
sampleID_2,367,22
sampleID_2,367,22
sampleID_2,367,23
sampleID_2,367,23
sampleID_2,367,23
sampleID_2,367,23
sampleID_2,367,21
sampleID_2,367,23
sampleID_2,367,23
sampleID_2,388,23
sampleID_2,388,23
sampleID_2,388,23
sampleID_2,388,23
sampleID_2,388,23
sampleID_2,388,23
sampleID_2,388,23
sampleID_2,388,23
sampleID_2,388,23
sampleID_2,408,23
sampleID_2,408,23
sampleID_2,408,23
sampleID_2,408,23
sampleID_2,408,23
sampleID_2,408,23
sampleID_2,408,22
sampleID_2,408,23
sampleID_2,408,22
sampleID_2,429,23
sampleID_2,429,23
sampleID_2,429,22
sampleID_2,429,23
sampleID_2,429,23
sampleID_2,429,23
sampleID_2,429,23
sampleID_2,429,23
sampleID_2,429,23
sampleID_2,449,23
sampleID_2,449,23
sampleID_2,449,23
sampleID_2,449,23
sampleID_2,449,23
sampleID_2,449,23
sampleID_2,449,23
sampleID_2,449,23
sampleID_2,449,22
sampleID_2,469,23
sampleID_2,469,23
sampleID_2,469,21
sampleID_2,469,23
sampleID_2,469,23
sampleID_2,469,23
sampleID_2,469,23
sampleID_2,469,23
sampleID_2,469,23
sampleID_2,490,22
sampleID_2,490,23
sampleID_2,490,23
sampleID_2,490,23
sampleID_2,490,23
sampleID_2,490,23
sampleID_2,490,23
sampleID_2,490,23
sampleID_2,490,23
sampleID_2,510,23
sampleID_2,510,23
sampleID_2,510,22
sampleID_2,510,23
sampleID_2,510,23
sampleID_2,510,23
sampleID_2,510,23
sampleID_2,510,23
sampleID_2,510,23
sampleID_2,531,23
sampleID_2,531,23
sampleID_2,531,22
sampleID_2,531,23
sampleID_2,531,23
sampleID_2,531,23
sampleID_2,531,23
sampleID_2,531,23
sampleID_2,531,23
sampleID_2,551,23
sampleID_2,551,23
sampleID_2,551,23
sampleID_2,551,23
sampleID_2,551,23
sampleID_2,551,23
sampleID_2,551,23
sampleID_2,551,23
sampleID_2,551,23
sampleID_2,571,23
sampleID_2,571,23
sampleID_2,571,23
sampleID_2,571,23
sampleID_2,571,23
sampleID_2,571,23
sampleID_2,571,23
sampleID_2,571,23
sampleID_2,571,23
sampleID_2,592,23
sampleID_2,592,23
sampleID_2,592,23
sampleID_2,592,23
sampleID_2,592,23
sampleID_2,592,23
sampleID_2,592,23
sampleID_2,592,23
sampleID_2,592,23
sampleID_2,612,23
sampleID_2,612,23
sampleID_2,612,23
sampleID_2,612,23
sampleID_2,612,23
sampleID_2,612,23
sampleID_2,612,23
sampleID_2,612,23
sampleID_2,612,23
sampleID_2,633,23
sampleID_2,633,23
sampleID_2,633,23
sampleID_2,633,23
sampleID_2,633,23
sampleID_2,633,23
sampleID_2,633,23
sampleID_2,633,23
sampleID_2,633,23
sampleID_2,653,23
sampleID_2,653,23
sampleID_2,653,23
sampleID_2,653,23
sampleID_2,653,23
sampleID_2,653,23
sampleID_2,653,23
sampleID_2,653,23
sampleID_2,653,23
sampleID_2,673,23
sampleID_2,673,23
sampleID_2,673,23
sampleID_2,673,23
sampleID_2,673,23
sampleID_2,673,23
sampleID_2,673,23
sampleID_2,673,23
sampleID_2,673,23
sampleID_2,694,23
sampleID_2,694,23
sampleID_2,694,23
sampleID_2,694,23
sampleID_2,694,23
sampleID_2,694,23
sampleID_2,694,23
sampleID_2,694,23
sampleID_2,694,23
sampleID_2,714,23
sampleID_2,714,23
sampleID_2,714,23
sampleID_2,714,23
sampleID_2,714,23
sampleID_2,714,23
sampleID_2,714,23
sampleID_2,714,23
sampleID_2,714,23
sampleID_2,734,23
sampleID_2,734,23
sampleID_2,734,23
sampleID_2,734,23
sampleID_2,734,23
sampleID_2,734,23
sampleID_2,734,23
sampleID_2,734,22
sampleID_2,734,23
sampleID_2,755,23
sampleID_2,755,23
sampleID_2,755,23
sampleID_2,755,23
sampleID_2,755,23
sampleID_2,755,23
sampleID_2,755,23
sampleID_2,755,23
sampleID_2,755,23
sampleID_2,775,23
sampleID_2,775,23
sampleID_2,775,23
sampleID_2,775,23
sampleID_2,775,23
sampleID_2,775,23
sampleID_2,775,23
sampleID_2,775,22
sampleID_2,775,23
sampleID_2,796,23
sampleID_2,796,23
sampleID_2,796,23
sampleID_2,796,23
sampleID_2,796,23
sampleID_2,796,23
sampleID_2,796,23
sampleID_2,796,23
sampleID_2,796,23
sampleID_2,816,23
sampleID_2,816,23
sampleID_2,816,23
sampleID_2,816,23
sampleID_2,816,23
sampleID_2,816,23
sampleID_2,816,23
sampleID_2,816,23
sampleID_2,816,23
sampleID_2,836,23
sampleID_2,836,23
sampleID_2,836,23
sampleID_2,836,23
sampleID_2,836,23
sampleID_2,836,23
sampleID_2,836,23
sampleID_2,836,23
sampleID_2,836,23
sampleID_2,857,23
sampleID_2,857,23
sampleID_2,857,23
sampleID_2,857,23
sampleID_2,857,23
sampleID_2,857,23
sampleID_2,857,23
sampleID_2,857,23
sampleID_2,857,23
sampleID_2,877,23
sampleID_2,877,23
sampleID_2,877,23
sampleID_2,877,23
sampleID_2,877,23
sampleID_2,877,23
sampleID_2,877,23
sampleID_2,877,23
sampleID_2,877,23
sampleID_2,898,23
sampleID_2,898,23
sampleID_2,898,23
sampleID_2,898,23
sampleID_2,898,23
sampleID_2,898,23
sampleID_2,898,23
sampleID_2,898,23
sampleID_2,898,23
sampleID_2,918,23
sampleID_2,918,23
sampleID_2,918,23
sampleID_2,918,23
sampleID_2,918,23
sampleID_2,918,23
sampleID_2,918,23
sampleID_2,918,23
sampleID_2,918,23
sampleID_2,938,23
sampleID_2,938,23
sampleID_2,938,23
sampleID_2,938,23
sampleID_2,938,23
sampleID_2,938,23
sampleID_2,938,23
sampleID_2,938,23
sampleID_2,938,23
sampleID_2,959,23
sampleID_2,959,23
sampleID_2,959,23
sampleID_2,959,23
sampleID_2,959,23
sampleID_2,959,23
sampleID_2,959,23
sampleID_2,959,23
sampleID_2,959,23
sampleID_2,979,23
sampleID_2,979,23
sampleID_2,979,23
sampleID_2,979,23
sampleID_2,979,23
sampleID_2,979,23
sampleID_2,979,23
sampleID_2,979,23
sampleID_2,979,23
sampleID_2,1000,23
sampleID_2,1000,23
sampleID_2,1000,23
sampleID_2,1000,23
sampleID_2,1000,23
sampleID_2,1000,23
sampleID_2,1000,23
sampleID_2,1000,23
sampleID_2,1000,23
sampleID_2a,1,1
sampleID_2a,1,1
sampleID_2a,1,1
sampleID_2a,1,1
sampleID_2a,1,1
sampleID_2a,1,1
sampleID_2a,1,1
sampleID_2a,1,1
sampleID_2a,1,1
sampleID_2a,21,14
sampleID_2a,21,12
sampleID_2a,21,15
sampleID_2a,21,14
sampleID_2a,21,15
sampleID_2a,21,17
sampleID_2a,21,14
sampleID_2a,21,14
sampleID_2a,21,13
sampleID_2a,41,21
sampleID_2a,41,21
sampleID_2a,41,19
sampleID_2a,41,20
sampleID_2a,41,22
sampleID_2a,41,26
sampleID_2a,41,22
sampleID_2a,41,19
sampleID_2a,41,20
sampleID_2a,62,33
sampleID_2a,62,32
sampleID_2a,62,25
sampleID_2a,62,31
sampleID_2a,62,24
sampleID_2a,62,26
sampleID_2a,62,28
sampleID_2a,62,25
sampleID_2a,62,27
sampleID_2a,82,31
sampleID_2a,82,28
sampleID_2a,82,31
sampleID_2a,82,29
sampleID_2a,82,34
sampleID_2a,82,30
sampleID_2a,82,34
sampleID_2a,82,31
sampleID_2a,82,30
sampleID_2a,102,33
sampleID_2a,102,29
sampleID_2a,102,40
sampleID_2a,102,34
sampleID_2a,102,37
sampleID_2a,102,36
sampleID_2a,102,34
sampleID_2a,102,32
sampleID_2a,102,36
sampleID_2a,123,36
sampleID_2a,123,35
sampleID_2a,123,34
sampleID_2a,123,38
sampleID_2a,123,36
sampleID_2a,123,36
sampleID_2a,123,38
sampleID_2a,123,39
sampleID_2a,123,33
sampleID_2a,143,42
sampleID_2a,143,42
sampleID_2a,143,40
sampleID_2a,143,37
sampleID_2a,143,36
sampleID_2a,143,41
sampleID_2a,143,38
sampleID_2a,143,40
sampleID_2a,143,41
sampleID_2a,164,43
sampleID_2a,164,42
sampleID_2a,164,40
sampleID_2a,164,40
sampleID_2a,164,41
sampleID_2a,164,39
sampleID_2a,164,40
sampleID_2a,164,40
sampleID_2a,164,41
sampleID_2a,184,40
sampleID_2a,184,43
sampleID_2a,184,45
sampleID_2a,184,39
sampleID_2a,184,41
sampleID_2a,184,40
sampleID_2a,184,41
sampleID_2a,184,40
sampleID_2a,184,41
sampleID_2a,204,44
sampleID_2a,204,41
sampleID_2a,204,43
sampleID_2a,204,42
sampleID_2a,204,41
sampleID_2a,204,37
sampleID_2a,204,41
sampleID_2a,204,41
sampleID_2a,204,42
sampleID_2a,225,43
sampleID_2a,225,42
sampleID_2a,225,41
sampleID_2a,225,40
sampleID_2a,225,41
sampleID_2a,225,41
sampleID_2a,225,41
sampleID_2a,225,42
sampleID_2a,225,42
sampleID_2a,245,43
sampleID_2a,245,40
sampleID_2a,245,44
sampleID_2a,245,45
sampleID_2a,245,44
sampleID_2a,245,45
sampleID_2a,245,44
sampleID_2a,245,43
sampleID_2a,245,39
sampleID_2a,266,44
sampleID_2a,266,45
sampleID_2a,266,45
sampleID_2a,266,41
sampleID_2a,266,40
sampleID_2a,266,43
sampleID_2a,266,45
sampleID_2a,266,43
sampleID_2a,266,44
sampleID_2a,286,42
sampleID_2a,286,44
sampleID_2a,286,44
sampleID_2a,286,43
sampleID_2a,286,44
sampleID_2a,286,43
sampleID_2a,286,43
sampleID_2a,286,44
sampleID_2a,286,41
sampleID_2a,306,43
sampleID_2a,306,44
sampleID_2a,306,44
sampleID_2a,306,45
sampleID_2a,306,45
sampleID_2a,306,43
sampleID_2a,306,42
sampleID_2a,306,44
sampleID_2a,306,43
sampleID_2a,327,42
sampleID_2a,327,45
sampleID_2a,327,45
sampleID_2a,327,45
sampleID_2a,327,43
sampleID_2a,327,45
sampleID_2a,327,45
sampleID_2a,327,43
sampleID_2a,327,45
sampleID_2a,347,43
sampleID_2a,347,45
sampleID_2a,347,45
sampleID_2a,347,44
sampleID_2a,347,45
sampleID_2a,347,44
sampleID_2a,347,43
sampleID_2a,347,43
sampleID_2a,347,44
sampleID_2a,367,43
sampleID_2a,367,45
sampleID_2a,367,44
sampleID_2a,367,45
sampleID_2a,367,44
sampleID_2a,367,45
sampleID_2a,367,45
sampleID_2a,367,44
sampleID_2a,367,43
sampleID_2a,388,45
sampleID_2a,388,45
sampleID_2a,388,45
sampleID_2a,388,44
sampleID_2a,388,44
sampleID_2a,388,45
sampleID_2a,388,45
sampleID_2a,388,44
sampleID_2a,388,43
sampleID_2a,408,45
sampleID_2a,408,45
sampleID_2a,408,45
sampleID_2a,408,45
sampleID_2a,408,45
sampleID_2a,408,45
sampleID_2a,408,45
sampleID_2a,408,45
sampleID_2a,408,45
sampleID_2a,429,44
sampleID_2a,429,45
sampleID_2a,429,44
sampleID_2a,429,44
sampleID_2a,429,45
sampleID_2a,429,44
sampleID_2a,429,45
sampleID_2a,429,44
sampleID_2a,429,45
sampleID_2a,449,45
sampleID_2a,449,45
sampleID_2a,449,44
sampleID_2a,449,45
sampleID_2a,449,45
sampleID_2a,449,44
sampleID_2a,449,45
sampleID_2a,449,45
sampleID_2a,449,45
sampleID_2a,469,45
sampleID_2a,469,45
sampleID_2a,469,45
sampleID_2a,469,45
sampleID_2a,469,45
sampleID_2a,469,45
sampleID_2a,469,45
sampleID_2a,469,45
sampleID_2a,469,45
sampleID_2a,490,45
sampleID_2a,490,45
sampleID_2a,490,44
sampleID_2a,490,45
sampleID_2a,490,44
sampleID_2a,490,45
sampleID_2a,490,45
sampleID_2a,490,45
sampleID_2a,490,45
sampleID_2a,510,45
sampleID_2a,510,45
sampleID_2a,510,45
sampleID_2a,510,45
sampleID_2a,510,45
sampleID_2a,510,45
sampleID_2a,510,45
sampleID_2a,510,44
sampleID_2a,510,45
sampleID_2a,531,45
sampleID_2a,531,45
sampleID_2a,531,45
sampleID_2a,531,45
sampleID_2a,531,45
sampleID_2a,531,45
sampleID_2a,531,45
sampleID_2a,531,45
sampleID_2a,531,45
sampleID_2a,551,45
sampleID_2a,551,45
sampleID_2a,551,45
sampleID_2a,551,45
sampleID_2a,551,45
sampleID_2a,551,44
sampleID_2a,551,45
sampleID_2a,551,45
sampleID_2a,551,45
sampleID_2a,571,45
sampleID_2a,571,45
sampleID_2a,571,45
sampleID_2a,571,45
sampleID_2a,571,45
sampleID_2a,571,44
sampleID_2a,571,45
sampleID_2a,571,45
sampleID_2a,571,45
sampleID_2a,592,45
sampleID_2a,592,45
sampleID_2a,592,45
sampleID_2a,592,45
sampleID_2a,592,45
sampleID_2a,592,45
sampleID_2a,592,45
sampleID_2a,592,45
sampleID_2a,592,45
sampleID_2a,612,45
sampleID_2a,612,45
sampleID_2a,612,45
sampleID_2a,612,45
sampleID_2a,612,45
sampleID_2a,612,45
sampleID_2a,612,45
sampleID_2a,612,45
sampleID_2a,612,45
sampleID_2a,633,45
sampleID_2a,633,45
sampleID_2a,633,45
sampleID_2a,633,45
sampleID_2a,633,45
sampleID_2a,633,44
sampleID_2a,633,45
sampleID_2a,633,45
sampleID_2a,633,45
sampleID_2a,653,45
sampleID_2a,653,45
sampleID_2a,653,45
sampleID_2a,653,45
sampleID_2a,653,45
sampleID_2a,653,45
sampleID_2a,653,45
sampleID_2a,653,45
sampleID_2a,653,45
sampleID_2a,673,45
sampleID_2a,673,45
sampleID_2a,673,45
sampleID_2a,673,45
sampleID_2a,673,45
sampleID_2a,673,45
sampleID_2a,673,45
sampleID_2a,673,45
sampleID_2a,673,45
sampleID_2a,694,45
sampleID_2a,694,45
sampleID_2a,694,45
sampleID_2a,694,45
sampleID_2a,694,45
sampleID_2a,694,45
sampleID_2a,694,45
sampleID_2a,694,45
sampleID_2a,694,45
sampleID_2a,714,45
sampleID_2a,714,45
sampleID_2a,714,45
sampleID_2a,714,45
sampleID_2a,714,45
sampleID_2a,714,45
sampleID_2a,714,45
sampleID_2a,714,45
sampleID_2a,714,45
sampleID_2a,734,45
sampleID_2a,734,45
sampleID_2a,734,45
sampleID_2a,734,45
sampleID_2a,734,45
sampleID_2a,734,45
sampleID_2a,734,45
sampleID_2a,734,45
sampleID_2a,734,45
sampleID_2a,755,45
sampleID_2a,755,45
sampleID_2a,755,45
sampleID_2a,755,45
sampleID_2a,755,45
sampleID_2a,755,45
sampleID_2a,755,45
sampleID_2a,755,45
sampleID_2a,755,45
sampleID_2a,775,45
sampleID_2a,775,45
sampleID_2a,775,45
sampleID_2a,775,45
sampleID_2a,775,45
sampleID_2a,775,45
sampleID_2a,775,45
sampleID_2a,775,45
sampleID_2a,775,45
sampleID_2a,796,45
sampleID_2a,796,45
sampleID_2a,796,45
sampleID_2a,796,45
sampleID_2a,796,45
sampleID_2a,796,45
sampleID_2a,796,45
sampleID_2a,796,45
sampleID_2a,796,45
sampleID_2a,816,45
sampleID_2a,816,45
sampleID_2a,816,45
sampleID_2a,816,45
sampleID_2a,816,45
sampleID_2a,816,45
sampleID_2a,816,45
sampleID_2a,816,45
sampleID_2a,816,45
sampleID_2a,836,45
sampleID_2a,836,45
sampleID_2a,836,45
sampleID_2a,836,45
sampleID_2a,836,45
sampleID_2a,836,45
sampleID_2a,836,45
sampleID_2a,836,45
sampleID_2a,836,45
sampleID_2a,857,45
sampleID_2a,857,45
sampleID_2a,857,45
sampleID_2a,857,45
sampleID_2a,857,45
sampleID_2a,857,45
sampleID_2a,857,45
sampleID_2a,857,45
sampleID_2a,857,45
sampleID_2a,877,
sampleID_2a,877,
sampleID_2a,877,
sampleID_2a,877,
sampleID_2a,877,
sampleID_2a,877,
sampleID_2a,877,
sampleID_2a,877,
sampleID_2a,877,
sampleID_2a,898,
sampleID_2a,898,
sampleID_2a,898,
sampleID_2a,898,
sampleID_2a,898,
sampleID_2a,898,
sampleID_2a,898,
sampleID_2a,898,
sampleID_2a,898,
sampleID_2a,918,
sampleID_2a,918,
sampleID_2a,918,
sampleID_2a,918,
sampleID_2a,918,
sampleID_2a,918,
sampleID_2a,918,
sampleID_2a,918,
sampleID_2a,918,
sampleID_2a,938,
sampleID_2a,938,
sampleID_2a,938,
sampleID_2a,938,
sampleID_2a,938,
sampleID_2a,938,
sampleID_2a,938,
sampleID_2a,938,
sampleID_2a,938,
sampleID_2a,959,
sampleID_2a,959,
sampleID_2a,959,
sampleID_2a,959,
sampleID_2a,959,
sampleID_2a,959,
sampleID_2a,959,
sampleID_2a,959,
sampleID_2a,959,
sampleID_2a,979,
sampleID_2a,979,
sampleID_2a,979,
sampleID_2a,979,
sampleID_2a,979,
sampleID_2a,979,
sampleID_2a,979,
sampleID_2a,979,
sampleID_2a,979,
sampleID_2a,1000,
sampleID_2a,1000,
sampleID_2a,1000,
sampleID_2a,1000,
sampleID_2a,1000,
sampleID_2a,1000,
sampleID_2a,1000,
sampleID_2a,1000,
sampleID_2a,1000,
